{"encoder": [0.7464287281036377], "decoder": [0.0010631550913271697, 0.0010631550913271697, 0.0010631550913271697, 0.0010631550913271697, 0.0010631550913271697, 0.0010631550913271697, 0.0010631550913271697, 0.0010631550913271697, 0.0010631550913271697, 0.0010631550913271697, 0.0010631550913271697, 0.0010631550913271697, 0.0010631550913271697, 0.0010631550913271697, 0.0010631550913271697, 0.0010631550913271697, 0.0010631550913271697, 0.0010631550913271697, 0.0010631550913271697, 0.0010631550913271697, 0.0010631550913271697, 0.0010631550913271697, 0.0010631550913271697, 0.0010631550913271697, 0.0010631550913271697, 0.0010631550913271697, 0.0010631550913271697, 0.0010631550913271697, 0.0010631550913271697, 0.0010631550913271697, 0.0010631550913271697, 0.0010631550913271697, 0.0010631550913271697, 0.0010631550913271697, 0.0010631550913271697, 0.0010631550913271697, 0.0010631550913271697, 0.0010631550913271697, 0.0010631550913271697, 0.0010631550913271697, 0.0010631550913271697, 0.0010631550913271697, 0.0010631550913271697, 0.0010631550913271697, 0.0010631550913271697, 0.0010631550913271697]}